/*
SQLyog Enterprise - MySQL GUI v6.03
Host - 5.0.24a-community-nt : Database - blog
*********************************************************************
Server version : 5.0.24a-community-nt
*/

/*!40101 SET NAMES utf8 */;

/*!40101 SET SQL_MODE=''*/;

create database if not exists `blog`;

USE `blog`;

/*!40014 SET @OLD_FOREIGN_KEY_CHECKS=@@FOREIGN_KEY_CHECKS, FOREIGN_KEY_CHECKS=0 */;
/*!40101 SET @OLD_SQL_MODE=@@SQL_MODE, SQL_MODE='NO_AUTO_VALUE_ON_ZERO' */;

/*Table structure for table `article` */

DROP TABLE IF EXISTS `article`;

CREATE TABLE `article` (
  `id` int(11) NOT NULL default '0',
  `title` varchar(20) NOT NULL,
  `content` text,
  `pubtime` datetime NOT NULL,
  `blogid` int(11) NOT NULL,
  `sortid` int(11) default NULL,
  PRIMARY KEY  (`id`)
) ENGINE=InnoDB DEFAULT CHARSET=gb2312;

/*Data for the table `article` */

insert  into `article`(`id`,`title`,`content`,`pubtime`,`blogid`,`sortid`) values (1,'我爱我家','我爱我家我爱我国家','2008-01-22 08:12:10',1,1),(2,'计算机\n学习理论','计算机学校理论非常不错','2008-01-22 08:14:41',1,0),(4,'数学','数学是种形式主义很强的学\n科','2008-01-22 08:27:32',2,4),(5,'物理','物理是研究物质的性质与结构\r\n但是这些东西好像很不实\n用','2008-01-22 08:28:08',2,5),(6,'化学','化学这个东西就有点像魔术似的\r\n','2008-01-22 08:28:46',2,6),(7,'生物','研究生物的规律','2008-01-22 08:29:08',2,7),(8,'生物','研究生物的规\n律','2008-01-22 08:29:11',2,7),(9,'生物','研究生物的规律','2008-01-22 08:29:13',2,7),(91,'人性管理','不同的心态和应对方式，产生不同的结局。一个古老的寓言故事，衍生出了一个奇妙的现代心理故事。\r\n\r\n　　有一个古老的故事开头：在一位农夫的果园里，紫红色的葡萄挂满了枝头，令人垂涎欲滴，当然，这种美味也逃不过安营扎寨在附近的狐狸们，它们早就想享受一下了。\r\n\r\n　　第一只狐狸来到了葡萄架下，它发现葡萄架要远远高出它的身高。它站在下面想了想，不愿就此放弃，机会难得啊！想了一会儿，它发现了葡萄架旁边的梯子，回想农夫曾经用过它。因此，它也学着农夫的样子爬上去，顺利地摘到了葡萄。（这只狐狸采用的就是问题解决方式，它直接面对问题，没有逃避，最后解决了问题。）\r\n\r\n　　第二只狐狸来到了葡萄架下，它也发现以它的个头这一辈子是无法吃到葡萄了。因此，它心里想，这个葡萄肯定是酸的，吃到了也很难受，还不如不吃。于是，它心情愉快地离开了。（这只狐狸运用的是心理学当中经常提到的“酸葡萄效应”，也可以称为文饰作用或合理化解释，即以能够满足个人需要的理由来解释不能实现自我目标的现象。）\r\n\r\n　　第三只狐狸来到了葡萄架下，它刚刚读过《钢铁是怎样炼成的》，深深地被主人公的精神打动。它看到高高的葡萄架并没有气馁，它想：我可以向上跳，只要我努力，我就一定能够得到。“有志者事竟成”的信念支撑着它，可是事与愿违，它跳得越来越低，最后累死在了葡萄架下，献身做了肥料。（这只狐狸的行为，在心理学上我们称为“固执”，即反复重复某种无效的行为，有时我们也称它为强迫症。它说明，不是任何事情的最佳方案都是解决问题，要看自己的能力、当时的环境等多种因素。）','2008-01-30 01:13:41',2,9),(911,'股\n票投资','第五只狐狸来到了葡萄架下，它一看自己的身高在葡萄架下显得如此渺小，便伤心地哭起来了。它伤心为什么自己如此矮小？如果像大象那样，不是想吃什么就吃什么吗？它伤心为什么葡萄架如此高，自己辛辛苦苦等了一年，本以为能吃到，没想到是这种结果。（这只狐狸的表现我们在心理学上称之为“倒退”，即个体在遇到挫折时，从人格发展的较高阶段到人格发展的较低阶段。）\r\n\r\n　　第六只狐狸来到了葡萄架下，它仰望着葡萄架，心想，既然我吃不到葡萄，别的狐狸肯定也吃不到，如果这样的话，我也没什么好遗憾的了，反正大家都一样。（这只狐狸的行为在心理学中称之为“投射”，即把自己的愿望与动机归于他人，断言他人有此动机和愿望，这些东西往往都是超越自己能力范围的。）\r\n\r\n　　第七只狐狸来到了葡萄架下，它站在高高的葡萄架下，心情非常不好，它在想为什么我吃不到呢，我的命运怎么这么悲惨啊，想吃个葡萄的愿望都满足不了，我的运气怎么这么差啊？越想它越郁闷，最后郁郁而终。（这只狐狸的情况是“抑郁症”的表现，即以持久的心境低落状态为特征的神经性障碍。）\r\n\r\n　　第八只狐狸来到了葡萄架下，它尝试着跳起来去够葡萄没有成功，它试图让自己不再去想葡萄，可是它抵抗不了，它还试了一些其他的办法也没有见效。它听说有别的狐狸吃到了葡萄，心情更加不好，最后它一头撞死在葡萄架下。（这只狐狸的下场是由于它心理不平衡造成的，在现实生活中我们经常会遇到类似的“不患无，患不均”的现象。很多人在与别人比较的时候，因为心理不平衡选择了不适当的应对方式。）\r\n\r\n　　第九只狐狸来到了葡萄架下，同样是够不到葡萄。它心想，听别的狐狸说，柠檬的味道似乎和葡萄差不多，既然我吃不到葡萄，何不尝一尝柠檬呢，总不能在一棵树上吊死吧！因此，它心满意足地离开去寻找柠檬了。（这只狐狸的行为在心理学上我们称之为“替代”，即以一种自己可以达到的方式来代替自己不能满足的愿望。）','2008-01-30 01:15:26',2,10);

/*Table structure for table `blog` */

DROP TABLE IF EXISTS `blog`;

CREATE TABLE `blog` (
  `id` int(11) NOT NULL,
  `username` varchar(20) NOT NULL,
  `password` varchar(20) NOT NULL,
  `subject` varchar(100) NOT NULL,
  `email` varchar(50) NOT NULL,
  `image` varchar(100) default NULL,
  `visitcount` int(11) default NULL,
  PRIMARY KEY  (`id`)
) ENGINE=InnoDB DEFAULT CHARSET=gb2312;

/*Data for the table `blog` */

insert  into `blog`(`id`,`username`,`password`,`subject`,`email`,`image`,`visitcount`) values (1,'a','a','a','a@163.com','default_icon.jpg',39),(2,'test','123456','大漠孤烟','test@163.com','default_icon.jpg',126),(3,'我爱我家','111111','我爱我\n家','test@163.com','default_icon.jpg',1),(4,'aaa','gggggg','gggggg','test@163.com','default_icon.jpg',0),(5,'aaaaa','aaaaa','bbbbbbbbbbbbb','test@163.com','default_icon.jpg',0),(6,'ccc','ccccccc','cccccccc','test@163.com','default_icon.jpg',1);

/*Table structure for table `feedback` */

DROP TABLE IF EXISTS `feedback`;

CREATE TABLE `feedback` (
  `id` int(11) NOT NULL,
  `uname` varchar(20) NOT NULL,
  `content` text,
  `pubtime` datetime NOT NULL,
  `articleid` int(11) NOT NULL,
  PRIMARY KEY  (`id`)
) ENGINE=InnoDB DEFAULT CHARSET=gb2312;

/*Data for the table `feedback` */

insert  into `feedback`(`id`,`uname`,`content`,`pubtime`,`articleid`) values (1,'???','不错可以运行','2008-01-22 08:12:38',1),(2,'??????','看起来貌\n似很不错的样子','2008-01-22 08:13:00',1),(3,'a','a','2008-01-22 08:14:59',2),(4,'b','b','2008-01-22 08:15:02',2),(5,'c','c','2008-01-22 08:15:04',2),(6,'c','c','2008-01-22 08:15:07',2),(7,'d','d','2008-01-22 08:15:10',2),(8,'郑经煜','你说的非常有道理\r\n认同度很高啊\r\n呵呵','0000-00-00 00:00:00',231),(9,'陈浩尽','这是测试名\r\n网络上使用的名字','2008-01-25 08:38:46',231),(10,'体系模\n块架构','我是体系模块架构','2008-01-27 08:40:21',5),(11,'体系模块架构','我是体系模块架构\r\n人在北京\n漂\r\n漂的时间不长也不短了\r\n','2008-01-29 11:25:05',21111),(12,'演化重于存在','演化重于存在，这是有\n着非常深刻的道理','2008-01-29 11:29:53',21111),(13,'在运动中发现问题','在运动中发现问题，也就是说在运\n动过程中会出现以前被忽略的对象，慢慢的会浮出水面，但是现在你不得不去面对在由该对象所引发的问题，那么\n就需要去分析问题，也就分析对象，分析对象与对象之间的关系，同时找出解决方法来','2008-01-29 11:32:05',21111),(14,'我爱我家','我爱我的家\r\n我家在东方','2008-01-30 04:54:18',9111),(15,'北方的\n狼','唔唔～～～～～\r\n我是一只来自北方的狼','2008-01-30 04:54:59',9111),(16,'a','a','2008-01-30 05:24:23',9111),(17,'b','b','2008-01-30 05:24:29',9111),(18,'a','a','2008-01-30 05:26:39',9111),(19,'a','a','2008-01-30 05:27:39',9111),(20,'dd','dddd','2008-01-30 05:32:24',9111),(21,'e','e','2008-01-30 05:33:31',9111),(22,'eee','eeee','2008-01-30 05:36:51',5),(23,'ffff','ffff','2008-01-30 05:36:56',5),(24,'eee','eeee','2008-01-30 05:38:31',6),(25,'gggg','ggggg','2008-01-30 05:38:36',6),(26,'eeee','eeee','2008-01-30 05:40:05',911),(27,'ggggg','gggggg','2008-01-30 05:40:09',911),(28,'eeee','eeeeere','2008-01-30 05:42:33',3),(29,'llllllll','llllllll','2008-01-30 05:42:39',3),(30,'eee','eeee','2008-01-30 09:35:44',91111),(31,'fff','ffff','2008-01-30 09:42:57',8),(32,'kkkkk','kkkk','2008-01-30 09:44:53',8),(33,'ffff','ffff','2008-01-30 09:47:24',9111),(34,'hhhhh','hhhhh','2008-01-30 09:52:16',91111),(35,'\n体系模块架构','未来在手中，手中有未来','2008-01-30 09:56:53',911111),(36,'kkkkkkk','kkkkkk','0000-00-00 00:00:00',911111),(37,'uuuuuuu','uuuuuu','2008-01-30 09:59:22',911111),(38,'tet','esdfsdsd','2008-02-03 11:12:00',9113),(39,'sdsf','sdfdfsdf','2008-02-03 11:12:04',9113),(40,'fsfd','dfsfd','2008-02-03 11:12:06',9113),(41,'我的世界','我的地盘，我做主\r\n我的世界，我做主\n\r\n','2008-02-04 05:48:06',91),(42,'美好的世界','这是个美好的世界，心有多大世界，就会有多大','0000-00-00 00:00:00',91),(43,'我的天空','我的天空很是美好，有理由相信，我的未来也是很美好\r\n美好的的事物\n要用好的目光来看待','2008-02-04 05:49:55',91),(44,'我的地盘我做主','我的地盘我是老大，我怕谁啊\n\r\n','2008-02-04 06:12:13',5),(45,'生物规律','生物规律是研究生物生活，繁殖，发展的规律','2008-02-10 01:10:16',9),(46,'北京','0101，我是北京，北京我是0101','2008-02-10 01:10:38',9),(47,'南京','南京，北\n京，天津，杭州都是历史悠久的文化古城，不过因为这些都是文化古城，从而也就造成了，这些城市之间也就在这\n些方面没有什么竞争力了','2008-02-10 01:12:41',9),(48,'testtest','teststet','2008-02-13 05:01:00',6);

/*Table structure for table `links` */

DROP TABLE IF EXISTS `links`;

CREATE TABLE `links` (
  `id` int(11) NOT NULL,
  `name` varchar(40) NOT NULL,
  `url` varchar(100) NOT NULL,
  `blogid` int(11) NOT NULL,
  PRIMARY KEY  (`id`)
) ENGINE=InnoDB DEFAULT CHARSET=gb2312;

/*Data for the table `links` */

insert  into `links`(`id`,`name`,`url`,`blogid`) values (2,'163.com','http://www.163.com',2),(21,'Google','www.google.com',2),(211,'好123','www.hao123.com',2);

/*Table structure for table `sort` */

DROP TABLE IF EXISTS `sort`;

CREATE TABLE `sort` (
  `id` int(11) NOT NULL,
  `name` varchar(40) NOT NULL,
  `blogid` int(11) NOT NULL,
  PRIMARY KEY  (`id`)
) ENGINE=InnoDB DEFAULT CHARSET=gb2312;

/*Data for the table `sort` */

insert  into `sort`(`id`,`name`,`blogid`) values (1,'新闻',1),(2,'爱好',1),(3,'计算机',2),(4,'数学',2),(5,'物理',2),(6,'化学\n',2),(7,'生物',2),(8,'英语',2),(9,'企业管理',2),(10,'股票投资',2),(11,'测试',1),(12,'美食天地',2),(15,'动态发展学',2),(16,'多媒体学',2),(17,'心理学',2);

/*!40101 SET SQL_MODE=@OLD_SQL_MODE */;
/*!40014 SET FOREIGN_KEY_CHECKS=@OLD_FOREIGN_KEY_CHECKS */;
