<?xml version="1.0" encoding="ISO-8859-1"?>
<Medals>
<medals_1924>
<record>
<rk>1 </rk>
<country>Norway</country>
<gold>4 </gold>
<silver>7 </silver>
<bronze>6 </bronze>
<total>17 </total>
</record>
<record>
<rk>2 </rk>
<country>Finland</country>
<gold>4 </gold>
<silver>4 </silver>
<bronze>3 </bronze>
<total>11 </total>
</record>
<record>
<rk>3 </rk>
<country>United States</country>
<gold>1 </gold>
<silver>2 </silver>
<bronze>1 </bronze>
<total>4 </total>
</record>
<record>
<rk>4 </rk>
<country>Great Britain</country>
<gold>1 </gold>
<silver>1 </silver>
<bronze>2 </bronze>
<total>4 </total>
</record>
<record>
<rk>5 </rk>
<country>Austria</country>
<gold>2 </gold>
<silver>1 </silver>
<bronze>0 </bronze>
<total>3 </total>
</record>
<record>
<rk>6 </rk>
<country>Switzerland</country>
<gold>2 </gold>
<silver>0 </silver>
<bronze>1 </bronze>
<total>3 </total>
</record>
<record>
<rk>7 </rk>
<country>France</country>
<gold>0 </gold>
<silver>0 </silver>
<bronze>3 </bronze>
<total>3 </total>
</record>
<record>
<rk>8 </rk>
<country>Sweden</country>
<gold>1 </gold>
<silver>1 </silver>
<bronze>0 </bronze>
<total>2 </total>
</record>
<record>
<rk>9 </rk>
<country>Mixed team</country>
<gold>1 </gold>
<silver>0 </silver>
<bronze>0 </bronze>
<total>1 </total>
</record>
<record>
<rk>10 </rk>
<country>Canada</country>
<gold>1 </gold>
<silver>0 </silver>
<bronze>0 </bronze>
<total>1 </total>
</record>
<record>
<rk>11 </rk>
<country>Belgium</country>
<gold>0 </gold>
<silver>0 </silver>
<bronze>1 </bronze>
<total>1 </total>
</record>
</medals_1924>
<medals_1928>
<record>
<rk>1 </rk>
<country>Norway</country>
<gold>6 </gold>
<silver>4 </silver>
<bronze>5 </bronze>
<total>15 </total>
</record>
<record>
<rk>2 </rk>
<country>United States</country>
<gold>2 </gold>
<silver>2 </silver>
<bronze>2 </bronze>
<total>6 </total>
</record>
<record>
<rk>3 </rk>
<country>Sweden</country>
<gold>2 </gold>
<silver>2 </silver>
<bronze>1 </bronze>
<total>5 </total>
</record>
<record>
<rk>4 </rk>
<country>Finland</country>
<gold>2 </gold>
<silver>1 </silver>
<bronze>1 </bronze>
<total>4 </total>
</record>
<record>
<rk>5 </rk>
<country>Austria</country>
<gold>0 </gold>
<silver>3 </silver>
<bronze>1 </bronze>
<total>4 </total>
</record>
<record>
<rk>6 </rk>
<country>Canada</country>
<gold>1 </gold>
<silver>0 </silver>
<bronze>0 </bronze>
<total>1 </total>
</record>
<record>
<rk>7 </rk>
<country>France</country>
<gold>1 </gold>
<silver>0 </silver>
<bronze>0 </bronze>
<total>1 </total>
</record>
<record>
<rk>8 </rk>
<country>Germany</country>
<gold>0 </gold>
<silver>0 </silver>
<bronze>1 </bronze>
<total>1 </total>
</record>
<record>
<rk>9 </rk>
<country>Czechoslovakia</country>
<gold>0 </gold>
<silver>0 </silver>
<bronze>1 </bronze>
<total>1 </total>
</record>
<record>
<rk>10 </rk>
<country>Belgium</country>
<gold>0 </gold>
<silver>0 </silver>
<bronze>1 </bronze>
<total>1 </total>
</record>
<record>
<rk>11 </rk>
<country>Great Britain</country>
<gold>0 </gold>
<silver>0 </silver>
<bronze>1 </bronze>
<total>1 </total>
</record>
<record>
<rk>12 </rk>
<country>Switzerland</country>
<gold>0 </gold>
<silver>0 </silver>
<bronze>1 </bronze>
<total>1 </total>
</record>
</medals_1928>
<medals_1932>
<record>
<rk>1 </rk>
<country>United States</country>
<gold>6 </gold>
<silver>4 </silver>
<bronze>2 </bronze>
<total>12 </total>
</record>
<record>
<rk>2 </rk>
<country>Norway</country>
<gold>3 </gold>
<silver>4 </silver>
<bronze>3 </bronze>
<total>10 </total>
</record>
<record>
<rk>3 </rk>
<country>Canada</country>
<gold>1 </gold>
<silver>1 </silver>
<bronze>5 </bronze>
<total>7 </total>
</record>
<record>
<rk>4 </rk>
<country>Sweden</country>
<gold>1 </gold>
<silver>2 </silver>
<bronze>0 </bronze>
<total>3 </total>
</record>
<record>
<rk>5 </rk>
<country>Finland</country>
<gold>1 </gold>
<silver>1 </silver>
<bronze>1 </bronze>
<total>3 </total>
</record>
<record>
<rk>6 </rk>
<country>Austria</country>
<gold>1 </gold>
<silver>1 </silver>
<bronze>0 </bronze>
<total>2 </total>
</record>
<record>
<rk>7 </rk>
<country>Germany</country>
<gold>0 </gold>
<silver>0 </silver>
<bronze>2 </bronze>
<total>2 </total>
</record>
<record>
<rk>8 </rk>
<country>France</country>
<gold>1 </gold>
<silver>0 </silver>
<bronze>0 </bronze>
<total>1 </total>
</record>
<record>
<rk>9 </rk>
<country>Switzerland</country>
<gold>0 </gold>
<silver>1 </silver>
<bronze>0 </bronze>
<total>1 </total>
</record>
<record>
<rk>10 </rk>
<country>Hungary</country>
<gold>0 </gold>
<silver>0 </silver>
<bronze>1 </bronze>
<total>1 </total>
</record>
</medals_1932>
<medals_1936>
<record>
<rk>1 </rk>
<country>Norway</country>
<gold>7 </gold>
<silver>5 </silver>
<bronze>3 </bronze>
<total>15 </total>
</record>
<record>
<rk>2 </rk>
<country>Sweden</country>
<gold>2 </gold>
<silver>2 </silver>
<bronze>3 </bronze>
<total>7 </total>
</record>
<record>
<rk>3 </rk>
<country>Germany</country>
<gold>3 </gold>
<silver>3 </silver>
<bronze>0 </bronze>
<total>6 </total>
</record>
<record>
<rk>4 </rk>
<country>Finland</country>
<gold>1 </gold>
<silver>2 </silver>
<bronze>3 </bronze>
<total>6 </total>
</record>
<record>
<rk>5 </rk>
<country>Austria</country>
<gold>1 </gold>
<silver>1 </silver>
<bronze>2 </bronze>
<total>4 </total>
</record>
<record>
<rk>6 </rk>
<country>United States</country>
<gold>1 </gold>
<silver>0 </silver>
<bronze>3 </bronze>
<total>4 </total>
</record>
<record>
<rk>7 </rk>
<country>Switzerland</country>
<gold>1 </gold>
<silver>2 </silver>
<bronze>0 </bronze>
<total>3 </total>
</record>
<record>
<rk>8 </rk>
<country>Great Britain</country>
<gold>1 </gold>
<silver>1 </silver>
<bronze>1 </bronze>
<total>3 </total>
</record>
<record>
<rk>9 </rk>
<country>Canada</country>
<gold>0 </gold>
<silver>1 </silver>
<bronze>0 </bronze>
<total>1 </total>
</record>
<record>
<rk>10 </rk>
<country>France</country>
<gold>0 </gold>
<silver>0 </silver>
<bronze>1 </bronze>
<total>1 </total>
</record>
<record>
<rk>11 </rk>
<country>Hungary</country>
<gold>0 </gold>
<silver>0 </silver>
<bronze>1 </bronze>
<total>1 </total>
</record>
</medals_1936>
<medals_1948>
<record>
<rk>1 </rk>
<country>Sweden</country>
<gold>4 </gold>
<silver>3 </silver>
<bronze>3 </bronze>
<total>10 </total>
</record>
<record>
<rk>2 </rk>
<country>Norway</country>
<gold>4 </gold>
<silver>3 </silver>
<bronze>3 </bronze>
<total>10 </total>
</record>
<record>
<rk>3 </rk>
<country>Switzerland</country>
<gold>3 </gold>
<silver>4 </silver>
<bronze>3 </bronze>
<total>10 </total>
</record>
<record>
<rk>4 </rk>
<country>United States</country>
<gold>3 </gold>
<silver>4 </silver>
<bronze>2 </bronze>
<total>9 </total>
</record>
<record>
<rk>5 </rk>
<country>Austria</country>
<gold>1 </gold>
<silver>3 </silver>
<bronze>4 </bronze>
<total>8 </total>
</record>
<record>
<rk>6 </rk>
<country>Finland</country>
<gold>1 </gold>
<silver>3 </silver>
<bronze>2 </bronze>
<total>6 </total>
</record>
<record>
<rk>7 </rk>
<country>France</country>
<gold>2 </gold>
<silver>1 </silver>
<bronze>2 </bronze>
<total>5 </total>
</record>
<record>
<rk>8 </rk>
<country>Canada</country>
<gold>2 </gold>
<silver>0 </silver>
<bronze>1 </bronze>
<total>3 </total>
</record>
<record>
<rk>9 </rk>
<country>Belgium</country>
<gold>1 </gold>
<silver>1 </silver>
<bronze>0 </bronze>
<total>2 </total>
</record>
<record>
<rk>10 </rk>
<country>Great Britain</country>
<gold>0 </gold>
<silver>0 </silver>
<bronze>2 </bronze>
<total>2 </total>
</record>
<record>
<rk>11 </rk>
<country>Italy</country>
<gold>1 </gold>
<silver>0 </silver>
<bronze>0 </bronze>
<total>1 </total>
</record>
<record>
<rk>12 </rk>
<country>Czechoslovakia</country>
<gold>0 </gold>
<silver>1 </silver>
<bronze>0 </bronze>
<total>1 </total>
</record>
<record>
<rk>13 </rk>
<country>Hungary</country>
<gold>0 </gold>
<silver>1 </silver>
<bronze>0 </bronze>
<total>1 </total>
</record>
</medals_1948>
<medals_1952>
<record>
<rk>1 </rk>
<country>Norway</country>
<gold>7 </gold>
<silver>3 </silver>
<bronze>6 </bronze>
<total>16 </total>
</record>
<record>
<rk>2 </rk>
<country>United States</country>
<gold>4 </gold>
<silver>6 </silver>
<bronze>1 </bronze>
<total>11 </total>
</record>
<record>
<rk>3 </rk>
<country>Finland</country>
<gold>3 </gold>
<silver>4 </silver>
<bronze>2 </bronze>
<total>9 </total>
</record>
<record>
<rk>4 </rk>
<country>Austria</country>
<gold>2 </gold>
<silver>4 </silver>
<bronze>2 </bronze>
<total>8 </total>
</record>
<record>
<rk>5 </rk>
<country>Germany</country>
<gold>3 </gold>
<silver>2 </silver>
<bronze>2 </bronze>
<total>7 </total>
</record>
<record>
<rk>6 </rk>
<country>Sweden</country>
<gold>0 </gold>
<silver>0 </silver>
<bronze>4 </bronze>
<total>4 </total>
</record>
<record>
<rk>7 </rk>
<country>Netherlands</country>
<gold>0 </gold>
<silver>3 </silver>
<bronze>0 </bronze>
<total>3 </total>
</record>
<record>
<rk>8 </rk>
<country>Canada</country>
<gold>1 </gold>
<silver>0 </silver>
<bronze>1 </bronze>
<total>2 </total>
</record>
<record>
<rk>9 </rk>
<country>Italy</country>
<gold>1 </gold>
<silver>0 </silver>
<bronze>1 </bronze>
<total>2 </total>
</record>
<record>
<rk>10 </rk>
<country>Switzerland</country>
<gold>0 </gold>
<silver>0 </silver>
<bronze>2 </bronze>
<total>2 </total>
</record>
<record>
<rk>11 </rk>
<country>Great Britain</country>
<gold>1 </gold>
<silver>0 </silver>
<bronze>0 </bronze>
<total>1 </total>
</record>
<record>
<rk>12 </rk>
<country>Hungary</country>
<gold>0 </gold>
<silver>0 </silver>
<bronze>1 </bronze>
<total>1 </total>
</record>
<record>
<rk>13 </rk>
<country>France</country>
<gold>0 </gold>
<silver>0 </silver>
<bronze>1 </bronze>
<total>1 </total>
</record>
</medals_1952>
<medals_1956>
<record>
<rk>1 </rk>
<country>Soviet Union</country>
<gold>7 </gold>
<silver>3 </silver>
<bronze>6 </bronze>
<total>16 </total>
</record>
<record>
<rk>2 </rk>
<country>Austria</country>
<gold>4 </gold>
<silver>3 </silver>
<bronze>4 </bronze>
<total>11 </total>
</record>
<record>
<rk>3 </rk>
<country>Sweden</country>
<gold>2 </gold>
<silver>4 </silver>
<bronze>4 </bronze>
<total>10 </total>
</record>
<record>
<rk>4 </rk>
<country>Finland</country>
<gold>3 </gold>
<silver>3 </silver>
<bronze>1 </bronze>
<total>7 </total>
</record>
<record>
<rk>5 </rk>
<country>United States</country>
<gold>2 </gold>
<silver>3 </silver>
<bronze>2 </bronze>
<total>7 </total>
</record>
<record>
<rk>6 </rk>
<country>Switzerland</country>
<gold>3 </gold>
<silver>2 </silver>
<bronze>1 </bronze>
<total>6 </total>
</record>
<record>
<rk>7 </rk>
<country>Norway</country>
<gold>2 </gold>
<silver>1 </silver>
<bronze>1 </bronze>
<total>4 </total>
</record>
<record>
<rk>8 </rk>
<country>Italy</country>
<gold>1 </gold>
<silver>2 </silver>
<bronze>0 </bronze>
<total>3 </total>
</record>
<record>
<rk>9 </rk>
<country>Canada</country>
<gold>0 </gold>
<silver>1 </silver>
<bronze>2 </bronze>
<total>3 </total>
</record>
<record>
<rk>10 </rk>
<country>Germany</country>
<gold>1 </gold>
<silver>0 </silver>
<bronze>1 </bronze>
<total>2 </total>
</record>
<record>
<rk>11 </rk>
<country>Japan</country>
<gold>0 </gold>
<silver>1 </silver>
<bronze>0 </bronze>
<total>1 </total>
</record>
<record>
<rk>12 </rk>
<country>Hungary</country>
<gold>0 </gold>
<silver>0 </silver>
<bronze>1 </bronze>
<total>1 </total>
</record>
<record>
<rk>13 </rk>
<country>Poland</country>
<gold>0 </gold>
<silver>0 </silver>
<bronze>1 </bronze>
<total>1 </total>
</record>
</medals_1956>
<medals_1960>
<record>
<rk>1 </rk>
<country>Soviet Union</country>
<gold>7 </gold>
<silver>5 </silver>
<bronze>9 </bronze>
<total>21 </total>
</record>
<record>
<rk>2 </rk>
<country>United States</country>
<gold>3 </gold>
<silver>4 </silver>
<bronze>3 </bronze>
<total>10 </total>
</record>
<record>
<rk>3 </rk>
<country>Germany</country>
<gold>4 </gold>
<silver>3 </silver>
<bronze>1 </bronze>
<total>8 </total>
</record>
<record>
<rk>4 </rk>
<country>Finland</country>
<gold>2 </gold>
<silver>3 </silver>
<bronze>3 </bronze>
<total>8 </total>
</record>
<record>
<rk>5 </rk>
<country>Sweden</country>
<gold>3 </gold>
<silver>2 </silver>
<bronze>2 </bronze>
<total>7 </total>
</record>
<record>
<rk>6 </rk>
<country>Norway</country>
<gold>3 </gold>
<silver>3 </silver>
<bronze>0 </bronze>
<total>6 </total>
</record>
<record>
<rk>7 </rk>
<country>Austria</country>
<gold>1 </gold>
<silver>2 </silver>
<bronze>3 </bronze>
<total>6 </total>
</record>
<record>
<rk>8 </rk>
<country>Canada</country>
<gold>2 </gold>
<silver>1 </silver>
<bronze>1 </bronze>
<total>4 </total>
</record>
<record>
<rk>9 </rk>
<country>France</country>
<gold>1 </gold>
<silver>0 </silver>
<bronze>2 </bronze>
<total>3 </total>
</record>
<record>
<rk>10 </rk>
<country>Switzerland</country>
<gold>2 </gold>
<silver>0 </silver>
<bronze>0 </bronze>
<total>2 </total>
</record>
<record>
<rk>11 </rk>
<country>Poland</country>
<gold>0 </gold>
<silver>1 </silver>
<bronze>1 </bronze>
<total>2 </total>
</record>
<record>
<rk>12 </rk>
<country>Netherlands</country>
<gold>0 </gold>
<silver>1 </silver>
<bronze>1 </bronze>
<total>2 </total>
</record>
<record>
<rk>13 </rk>
<country>Czechoslovakia</country>
<gold>0 </gold>
<silver>1 </silver>
<bronze>0 </bronze>
<total>1 </total>
</record>
<record>
<rk>14 </rk>
<country>Italy</country>
<gold>0 </gold>
<silver>0 </silver>
<bronze>1 </bronze>
<total>1 </total>
</record>
</medals_1960>
<medals_1964>
<record>
<rk>1 </rk>
<country>Soviet Union</country>
<gold>11 </gold>
<silver>8 </silver>
<bronze>6 </bronze>
<total>25 </total>
</record>
<record>
<rk>2 </rk>
<country>Norway</country>
<gold>3 </gold>
<silver>6 </silver>
<bronze>6 </bronze>
<total>15 </total>
</record>
<record>
<rk>3 </rk>
<country>Austria</country>
<gold>4 </gold>
<silver>5 </silver>
<bronze>3 </bronze>
<total>12 </total>
</record>
<record>
<rk>4 </rk>
<country>Finland</country>
<gold>3 </gold>
<silver>4 </silver>
<bronze>3 </bronze>
<total>10 </total>
</record>
<record>
<rk>5 </rk>
<country>Germany</country>
<gold>3 </gold>
<silver>3 </silver>
<bronze>3 </bronze>
<total>9 </total>
</record>
<record>
<rk>6 </rk>
<country>France</country>
<gold>3 </gold>
<silver>4 </silver>
<bronze>0 </bronze>
<total>7 </total>
</record>
<record>
<rk>7 </rk>
<country>Sweden</country>
<gold>3 </gold>
<silver>3 </silver>
<bronze>1 </bronze>
<total>7 </total>
</record>
<record>
<rk>8 </rk>
<country>United States</country>
<gold>1 </gold>
<silver>2 </silver>
<bronze>4 </bronze>
<total>7 </total>
</record>
<record>
<rk>9 </rk>
<country>Italy</country>
<gold>0 </gold>
<silver>1 </silver>
<bronze>3 </bronze>
<total>4 </total>
</record>
<record>
<rk>10 </rk>
<country>Canada</country>
<gold>1 </gold>
<silver>1 </silver>
<bronze>1 </bronze>
<total>3 </total>
</record>
<record>
<rk>11 </rk>
<country>Netherlands</country>
<gold>1 </gold>
<silver>1 </silver>
<bronze>0 </bronze>
<total>2 </total>
</record>
<record>
<rk>12 </rk>
<country>Great Britain</country>
<gold>1 </gold>
<silver>0 </silver>
<bronze>0 </bronze>
<total>1 </total>
</record>
<record>
<rk>13 </rk>
<country>North Korea</country>
<gold>0 </gold>
<silver>1 </silver>
<bronze>0 </bronze>
<total>1 </total>
</record>
<record>
<rk>14 </rk>
<country>Czechoslovakia</country>
<gold>0 </gold>
<silver>0 </silver>
<bronze>1 </bronze>
<total>1 </total>
</record>
</medals_1964>
<medals_1968>
<record>
<rk>1 </rk>
<country>Norway</country>
<gold>6 </gold>
<silver>6 </silver>
<bronze>2 </bronze>
<total>14 </total>
</record>
<record>
<rk>2 </rk>
<country>Soviet Union</country>
<gold>5 </gold>
<silver>5 </silver>
<bronze>3 </bronze>
<total>13 </total>
</record>
<record>
<rk>3 </rk>
<country>Austria</country>
<gold>3 </gold>
<silver>4 </silver>
<bronze>4 </bronze>
<total>11 </total>
</record>
<record>
<rk>4 </rk>
<country>France</country>
<gold>4 </gold>
<silver>3 </silver>
<bronze>2 </bronze>
<total>9 </total>
</record>
<record>
<rk>5 </rk>
<country>Netherlands</country>
<gold>3 </gold>
<silver>3 </silver>
<bronze>3 </bronze>
<total>9 </total>
</record>
<record>
<rk>6 </rk>
<country>Sweden</country>
<gold>3 </gold>
<silver>2 </silver>
<bronze>3 </bronze>
<total>8 </total>
</record>
<record>
<rk>7 </rk>
<country>United States</country>
<gold>1 </gold>
<silver>5 </silver>
<bronze>1 </bronze>
<total>7 </total>
</record>
<record>
<rk>8 </rk>
<country>Switzerland</country>
<gold>0 </gold>
<silver>2 </silver>
<bronze>4 </bronze>
<total>6 </total>
</record>
<record>
<rk>9 </rk>
<country>West Germany</country>
<gold>2 </gold>
<silver>1 </silver>
<bronze>2 </bronze>
<total>5 </total>
</record>
<record>
<rk>10 </rk>
<country>East Germany</country>
<gold>1 </gold>
<silver>2 </silver>
<bronze>2 </bronze>
<total>5 </total>
</record>
<record>
<rk>11 </rk>
<country>Finland</country>
<gold>1 </gold>
<silver>2 </silver>
<bronze>2 </bronze>
<total>5 </total>
</record>
<record>
<rk>12 </rk>
<country>Czechoslovakia</country>
<gold>1 </gold>
<silver>2 </silver>
<bronze>1 </bronze>
<total>4 </total>
</record>
<record>
<rk>13 </rk>
<country>Italy</country>
<gold>3 </gold>
<silver>0 </silver>
<bronze>0 </bronze>
<total>3 </total>
</record>
<record>
<rk>14 </rk>
<country>Canada</country>
<gold>1 </gold>
<silver>1 </silver>
<bronze>1 </bronze>
<total>3 </total>
</record>
<record>
<rk>15 </rk>
<country>Romania</country>
<gold>0 </gold>
<silver>0 </silver>
<bronze>1 </bronze>
<total>1 </total>
</record>
</medals_1968>
<medals_1972>
<record>
<rk>1 </rk>
<country>Soviet Union</country>
<gold>8 </gold>
<silver>5 </silver>
<bronze>3 </bronze>
<total>16 </total>
</record>
<record>
<rk>2 </rk>
<country>East Germany</country>
<gold>4 </gold>
<silver>3 </silver>
<bronze>7 </bronze>
<total>14 </total>
</record>
<record>
<rk>3 </rk>
<country>Norway</country>
<gold>2 </gold>
<silver>5 </silver>
<bronze>5 </bronze>
<total>12 </total>
</record>
<record>
<rk>4 </rk>
<country>Switzerland</country>
<gold>4 </gold>
<silver>3 </silver>
<bronze>3 </bronze>
<total>10 </total>
</record>
<record>
<rk>5 </rk>
<country>Netherlands</country>
<gold>4 </gold>
<silver>3 </silver>
<bronze>2 </bronze>
<total>9 </total>
</record>
<record>
<rk>6 </rk>
<country>United States</country>
<gold>3 </gold>
<silver>2 </silver>
<bronze>3 </bronze>
<total>8 </total>
</record>
<record>
<rk>7 </rk>
<country>West Germany</country>
<gold>3 </gold>
<silver>1 </silver>
<bronze>1 </bronze>
<total>5 </total>
</record>
<record>
<rk>8 </rk>
<country>Italy</country>
<gold>2 </gold>
<silver>2 </silver>
<bronze>1 </bronze>
<total>5 </total>
</record>
<record>
<rk>9 </rk>
<country>Austria</country>
<gold>1 </gold>
<silver>2 </silver>
<bronze>2 </bronze>
<total>5 </total>
</record>
<record>
<rk>10 </rk>
<country>Finland</country>
<gold>0 </gold>
<silver>4 </silver>
<bronze>1 </bronze>
<total>5 </total>
</record>
<record>
<rk>11 </rk>
<country>Sweden</country>
<gold>1 </gold>
<silver>1 </silver>
<bronze>2 </bronze>
<total>4 </total>
</record>
<record>
<rk>12 </rk>
<country>Japan</country>
<gold>1 </gold>
<silver>1 </silver>
<bronze>1 </bronze>
<total>3 </total>
</record>
<record>
<rk>13 </rk>
<country>Czechoslovakia</country>
<gold>1 </gold>
<silver>0 </silver>
<bronze>2 </bronze>
<total>3 </total>
</record>
<record>
<rk>14 </rk>
<country>France</country>
<gold>0 </gold>
<silver>1 </silver>
<bronze>2 </bronze>
<total>3 </total>
</record>
<record>
<rk>15 </rk>
<country>Spain</country>
<gold>1 </gold>
<silver>0 </silver>
<bronze>0 </bronze>
<total>1 </total>
</record>
<record>
<rk>16 </rk>
<country>Poland</country>
<gold>1 </gold>
<silver>0 </silver>
<bronze>0 </bronze>
<total>1 </total>
</record>
<record>
<rk>17 </rk>
<country>Canada</country>
<gold>0 </gold>
<silver>1 </silver>
<bronze>0 </bronze>
<total>1 </total>
</record>
</medals_1972>
<medals_1976>
<record>
<rk>1 </rk>
<country>Soviet Union</country>
<gold>13 </gold>
<silver>6 </silver>
<bronze>8 </bronze>
<total>27 </total>
</record>
<record>
<rk>2 </rk>
<country>East Germany</country>
<gold>7 </gold>
<silver>5 </silver>
<bronze>7 </bronze>
<total>19 </total>
</record>
<record>
<rk>3 </rk>
<country>United States</country>
<gold>3 </gold>
<silver>3 </silver>
<bronze>4 </bronze>
<total>10 </total>
</record>
<record>
<rk>4 </rk>
<country>West Germany</country>
<gold>2 </gold>
<silver>5 </silver>
<bronze>3 </bronze>
<total>10 </total>
</record>
<record>
<rk>5 </rk>
<country>Norway</country>
<gold>3 </gold>
<silver>3 </silver>
<bronze>1 </bronze>
<total>7 </total>
</record>
<record>
<rk>6 </rk>
<country>Finland</country>
<gold>2 </gold>
<silver>4 </silver>
<bronze>1 </bronze>
<total>7 </total>
</record>
<record>
<rk>7 </rk>
<country>Austria</country>
<gold>2 </gold>
<silver>2 </silver>
<bronze>2 </bronze>
<total>6 </total>
</record>
<record>
<rk>8 </rk>
<country>Netherlands</country>
<gold>1 </gold>
<silver>2 </silver>
<bronze>3 </bronze>
<total>6 </total>
</record>
<record>
<rk>9 </rk>
<country>Switzerland</country>
<gold>1 </gold>
<silver>3 </silver>
<bronze>1 </bronze>
<total>5 </total>
</record>
<record>
<rk>10 </rk>
<country>Italy</country>
<gold>1 </gold>
<silver>2 </silver>
<bronze>1 </bronze>
<total>4 </total>
</record>
<record>
<rk>11 </rk>
<country>Canada</country>
<gold>1 </gold>
<silver>1 </silver>
<bronze>1 </bronze>
<total>3 </total>
</record>
<record>
<rk>12 </rk>
<country>Sweden</country>
<gold>0 </gold>
<silver>0 </silver>
<bronze>2 </bronze>
<total>2 </total>
</record>
<record>
<rk>13 </rk>
<country>Liechtenstein</country>
<gold>0 </gold>
<silver>0 </silver>
<bronze>2 </bronze>
<total>2 </total>
</record>
<record>
<rk>14 </rk>
<country>Great Britain</country>
<gold>1 </gold>
<silver>0 </silver>
<bronze>0 </bronze>
<total>1 </total>
</record>
<record>
<rk>15 </rk>
<country>Czechoslovakia</country>
<gold>0 </gold>
<silver>1 </silver>
<bronze>0 </bronze>
<total>1 </total>
</record>
<record>
<rk>16 </rk>
<country>France</country>
<gold>0 </gold>
<silver>0 </silver>
<bronze>1 </bronze>
<total>1 </total>
</record>
</medals_1976>
<medals_1980>
<record>
<rk>1 </rk>
<country>East Germany</country>
<gold>9 </gold>
<silver>7 </silver>
<bronze>7 </bronze>
<total>23 </total>
</record>
<record>
<rk>2 </rk>
<country>Soviet Union</country>
<gold>10 </gold>
<silver>6 </silver>
<bronze>6 </bronze>
<total>22 </total>
</record>
<record>
<rk>3 </rk>
<country>United States</country>
<gold>6 </gold>
<silver>4 </silver>
<bronze>2 </bronze>
<total>12 </total>
</record>
<record>
<rk>4 </rk>
<country>Norway</country>
<gold>1 </gold>
<silver>3 </silver>
<bronze>6 </bronze>
<total>10 </total>
</record>
<record>
<rk>5 </rk>
<country>Finland</country>
<gold>1 </gold>
<silver>5 </silver>
<bronze>3 </bronze>
<total>9 </total>
</record>
<record>
<rk>6 </rk>
<country>Austria</country>
<gold>3 </gold>
<silver>2 </silver>
<bronze>2 </bronze>
<total>7 </total>
</record>
<record>
<rk>7 </rk>
<country>Switzerland</country>
<gold>1 </gold>
<silver>1 </silver>
<bronze>3 </bronze>
<total>5 </total>
</record>
<record>
<rk>8 </rk>
<country>West Germany</country>
<gold>0 </gold>
<silver>2 </silver>
<bronze>3 </bronze>
<total>5 </total>
</record>
<record>
<rk>9 </rk>
<country>Sweden</country>
<gold>3 </gold>
<silver>0 </silver>
<bronze>1 </bronze>
<total>4 </total>
</record>
<record>
<rk>10 </rk>
<country>Liechtenstein</country>
<gold>2 </gold>
<silver>2 </silver>
<bronze>0 </bronze>
<total>4 </total>
</record>
<record>
<rk>11 </rk>
<country>Netherlands</country>
<gold>1 </gold>
<silver>2 </silver>
<bronze>1 </bronze>
<total>4 </total>
</record>
<record>
<rk>12 </rk>
<country>Italy</country>
<gold>0 </gold>
<silver>2 </silver>
<bronze>0 </bronze>
<total>2 </total>
</record>
<record>
<rk>13 </rk>
<country>Canada</country>
<gold>0 </gold>
<silver>1 </silver>
<bronze>1 </bronze>
<total>2 </total>
</record>
<record>
<rk>14 </rk>
<country>Great Britain</country>
<gold>1 </gold>
<silver>0 </silver>
<bronze>0 </bronze>
<total>1 </total>
</record>
<record>
<rk>15 </rk>
<country>Japan</country>
<gold>0 </gold>
<silver>1 </silver>
<bronze>0 </bronze>
<total>1 </total>
</record>
<record>
<rk>16 </rk>
<country>Hungary</country>
<gold>0 </gold>
<silver>1 </silver>
<bronze>0 </bronze>
<total>1 </total>
</record>
<record>
<rk>17 </rk>
<country>France</country>
<gold>0 </gold>
<silver>0 </silver>
<bronze>1 </bronze>
<total>1 </total>
</record>
<record>
<rk>18 </rk>
<country>Bulgaria</country>
<gold>0 </gold>
<silver>0 </silver>
<bronze>1 </bronze>
<total>1 </total>
</record>
<record>
<rk>19 </rk>
<country>Czechoslovakia</country>
<gold>0 </gold>
<silver>0 </silver>
<bronze>1 </bronze>
<total>1 </total>
</record>
</medals_1980>
<medals_1984>
<record>
<rk>1 </rk>
<country>Soviet Union</country>
<gold>6 </gold>
<silver>10 </silver>
<bronze>9 </bronze>
<total>25 </total>
</record>
<record>
<rk>2 </rk>
<country>East Germany</country>
<gold>9 </gold>
<silver>9 </silver>
<bronze>6 </bronze>
<total>24 </total>
</record>
<record>
<rk>3 </rk>
<country>Finland</country>
<gold>4 </gold>
<silver>3 </silver>
<bronze>6 </bronze>
<total>13 </total>
</record>
<record>
<rk>4 </rk>
<country>Norway</country>
<gold>3 </gold>
<silver>2 </silver>
<bronze>4 </bronze>
<total>9 </total>
</record>
<record>
<rk>5 </rk>
<country>United States</country>
<gold>4 </gold>
<silver>4 </silver>
<bronze>0 </bronze>
<total>8 </total>
</record>
<record>
<rk>6 </rk>
<country>Sweden</country>
<gold>4 </gold>
<silver>2 </silver>
<bronze>2 </bronze>
<total>8 </total>
</record>
<record>
<rk>7 </rk>
<country>Czechoslovakia</country>
<gold>0 </gold>
<silver>2 </silver>
<bronze>4 </bronze>
<total>6 </total>
</record>
<record>
<rk>8 </rk>
<country>Switzerland</country>
<gold>2 </gold>
<silver>2 </silver>
<bronze>1 </bronze>
<total>5 </total>
</record>
<record>
<rk>9 </rk>
<country>West Germany</country>
<gold>2 </gold>
<silver>1 </silver>
<bronze>1 </bronze>
<total>4 </total>
</record>
<record>
<rk>10 </rk>
<country>Canada</country>
<gold>2 </gold>
<silver>1 </silver>
<bronze>1 </bronze>
<total>4 </total>
</record>
<record>
<rk>11 </rk>
<country>France</country>
<gold>0 </gold>
<silver>1 </silver>
<bronze>2 </bronze>
<total>3 </total>
</record>
<record>
<rk>12 </rk>
<country>Italy</country>
<gold>2 </gold>
<silver>0 </silver>
<bronze>0 </bronze>
<total>2 </total>
</record>
<record>
<rk>13 </rk>
<country>Liechtenstein</country>
<gold>0 </gold>
<silver>0 </silver>
<bronze>2 </bronze>
<total>2 </total>
</record>
<record>
<rk>14 </rk>
<country>Great Britain</country>
<gold>1 </gold>
<silver>0 </silver>
<bronze>0 </bronze>
<total>1 </total>
</record>
<record>
<rk>15 </rk>
<country>Japan</country>
<gold>0 </gold>
<silver>1 </silver>
<bronze>0 </bronze>
<total>1 </total>
</record>
<record>
<rk>16 </rk>
<country>Yugoslavia</country>
<gold>0 </gold>
<silver>1 </silver>
<bronze>0 </bronze>
<total>1 </total>
</record>
<record>
<rk>17 </rk>
<country>Austria</country>
<gold>0 </gold>
<silver>0 </silver>
<bronze>1 </bronze>
<total>1 </total>
</record>
</medals_1984>
<medals_1988>
<record>
<rk>1 </rk>
<country>Soviet Union</country>
<gold>11 </gold>
<silver>9 </silver>
<bronze>9 </bronze>
<total>29 </total>
</record>
<record>
<rk>2 </rk>
<country>East Germany</country>
<gold>9 </gold>
<silver>10 </silver>
<bronze>6 </bronze>
<total>25 </total>
</record>
<record>
<rk>3 </rk>
<country>Switzerland</country>
<gold>5 </gold>
<silver>5 </silver>
<bronze>5 </bronze>
<total>15 </total>
</record>
<record>
<rk>4 </rk>
<country>Austria</country>
<gold>3 </gold>
<silver>5 </silver>
<bronze>2 </bronze>
<total>10 </total>
</record>
<record>
<rk>5 </rk>
<country>West Germany</country>
<gold>2 </gold>
<silver>4 </silver>
<bronze>2 </bronze>
<total>8 </total>
</record>
<record>
<rk>6 </rk>
<country>Finland</country>
<gold>4 </gold>
<silver>1 </silver>
<bronze>2 </bronze>
<total>7 </total>
</record>
<record>
<rk>7 </rk>
<country>Netherlands</country>
<gold>3 </gold>
<silver>2 </silver>
<bronze>2 </bronze>
<total>7 </total>
</record>
<record>
<rk>8 </rk>
<country>Sweden</country>
<gold>4 </gold>
<silver>0 </silver>
<bronze>2 </bronze>
<total>6 </total>
</record>
<record>
<rk>9 </rk>
<country>United States</country>
<gold>2 </gold>
<silver>1 </silver>
<bronze>3 </bronze>
<total>6 </total>
</record>
<record>
<rk>10 </rk>
<country>Italy</country>
<gold>2 </gold>
<silver>1 </silver>
<bronze>2 </bronze>
<total>5 </total>
</record>
<record>
<rk>11 </rk>
<country>Norway</country>
<gold>0 </gold>
<silver>3 </silver>
<bronze>2 </bronze>
<total>5 </total>
</record>
<record>
<rk>12 </rk>
<country>Canada</country>
<gold>0 </gold>
<silver>2 </silver>
<bronze>3 </bronze>
<total>5 </total>
</record>
<record>
<rk>13 </rk>
<country>Yugoslavia</country>
<gold>0 </gold>
<silver>2 </silver>
<bronze>1 </bronze>
<total>3 </total>
</record>
<record>
<rk>14 </rk>
<country>Czechoslovakia</country>
<gold>0 </gold>
<silver>1 </silver>
<bronze>2 </bronze>
<total>3 </total>
</record>
<record>
<rk>15 </rk>
<country>France</country>
<gold>1 </gold>
<silver>0 </silver>
<bronze>1 </bronze>
<total>2 </total>
</record>
<record>
<rk>16 </rk>
<country>Japan</country>
<gold>0 </gold>
<silver>0 </silver>
<bronze>1 </bronze>
<total>1 </total>
</record>
<record>
<rk>17 </rk>
<country>Liechtenstein</country>
<gold>0 </gold>
<silver>0 </silver>
<bronze>1 </bronze>
<total>1 </total>
</record>
</medals_1988>
<medals_1992>
<record>
<rk>1 </rk>
<country>Germany</country>
<gold>10 </gold>
<silver>10 </silver>
<bronze>6 </bronze>
<total>26 </total>
</record>
<record>
<rk>2 </rk>
<country>Unified Team</country>
<gold>9 </gold>
<silver>6 </silver>
<bronze>8 </bronze>
<total>23 </total>
</record>
<record>
<rk>3 </rk>
<country>Austria</country>
<gold>6 </gold>
<silver>7 </silver>
<bronze>8 </bronze>
<total>21 </total>
</record>
<record>
<rk>4 </rk>
<country>Norway</country>
<gold>9 </gold>
<silver>6 </silver>
<bronze>5 </bronze>
<total>20 </total>
</record>
<record>
<rk>5 </rk>
<country>Italy</country>
<gold>4 </gold>
<silver>6 </silver>
<bronze>4 </bronze>
<total>14 </total>
</record>
<record>
<rk>6 </rk>
<country>United States</country>
<gold>5 </gold>
<silver>4 </silver>
<bronze>2 </bronze>
<total>11 </total>
</record>
<record>
<rk>7 </rk>
<country>France</country>
<gold>3 </gold>
<silver>5 </silver>
<bronze>1 </bronze>
<total>9 </total>
</record>
<record>
<rk>8 </rk>
<country>Finland</country>
<gold>3 </gold>
<silver>1 </silver>
<bronze>3 </bronze>
<total>7 </total>
</record>
<record>
<rk>9 </rk>
<country>Canada</country>
<gold>2 </gold>
<silver>3 </silver>
<bronze>2 </bronze>
<total>7 </total>
</record>
<record>
<rk>10 </rk>
<country>Japan</country>
<gold>1 </gold>
<silver>2 </silver>
<bronze>4 </bronze>
<total>7 </total>
</record>
<record>
<rk>11 </rk>
<country>South Korea</country>
<gold>2 </gold>
<silver>1 </silver>
<bronze>1 </bronze>
<total>4 </total>
</record>
<record>
<rk>12 </rk>
<country>Netherlands</country>
<gold>1 </gold>
<silver>1 </silver>
<bronze>2 </bronze>
<total>4 </total>
</record>
<record>
<rk>13 </rk>
<country>Sweden</country>
<gold>1 </gold>
<silver>0 </silver>
<bronze>3 </bronze>
<total>4 </total>
</record>
<record>
<rk>14 </rk>
<country>Switzerland</country>
<gold>1 </gold>
<silver>0 </silver>
<bronze>2 </bronze>
<total>3 </total>
</record>
<record>
<rk>15 </rk>
<country>China</country>
<gold>0 </gold>
<silver>3 </silver>
<bronze>0 </bronze>
<total>3 </total>
</record>
<record>
<rk>16 </rk>
<country>Czechoslovakia</country>
<gold>0 </gold>
<silver>0 </silver>
<bronze>3 </bronze>
<total>3 </total>
</record>
<record>
<rk>17 </rk>
<country>Luxembourg</country>
<gold>0 </gold>
<silver>2 </silver>
<bronze>0 </bronze>
<total>2 </total>
</record>
<record>
<rk>18 </rk>
<country>New Zealand</country>
<gold>0 </gold>
<silver>1 </silver>
<bronze>0 </bronze>
<total>1 </total>
</record>
<record>
<rk>19 </rk>
<country>North Korea</country>
<gold>0 </gold>
<silver>0 </silver>
<bronze>1 </bronze>
<total>1 </total>
</record>
<record>
<rk>20 </rk>
<country>Spain</country>
<gold>0 </gold>
<silver>0 </silver>
<bronze>1 </bronze>
<total>1 </total>
</record>
</medals_1992>
<medals_1994>
<record>
<rk>1 </rk>
<country>Norway</country>
<gold>10 </gold>
<silver>11 </silver>
<bronze>5 </bronze>
<total>26 </total>
</record>
<record>
<rk>2 </rk>
<country>Germany</country>
<gold>9 </gold>
<silver>7 </silver>
<bronze>8 </bronze>
<total>24 </total>
</record>
<record>
<rk>3 </rk>
<country>Russia</country>
<gold>11 </gold>
<silver>8 </silver>
<bronze>4 </bronze>
<total>23 </total>
</record>
<record>
<rk>4 </rk>
<country>Italy</country>
<gold>7 </gold>
<silver>5 </silver>
<bronze>8 </bronze>
<total>20 </total>
</record>
<record>
<rk>5 </rk>
<country>United States</country>
<gold>6 </gold>
<silver>5 </silver>
<bronze>2 </bronze>
<total>13 </total>
</record>
<record>
<rk>6 </rk>
<country>Canada</country>
<gold>3 </gold>
<silver>6 </silver>
<bronze>4 </bronze>
<total>13 </total>
</record>
<record>
<rk>7 </rk>
<country>Switzerland</country>
<gold>3 </gold>
<silver>4 </silver>
<bronze>2 </bronze>
<total>9 </total>
</record>
<record>
<rk>8 </rk>
<country>Austria</country>
<gold>2 </gold>
<silver>3 </silver>
<bronze>4 </bronze>
<total>9 </total>
</record>
<record>
<rk>9 </rk>
<country>South Korea</country>
<gold>4 </gold>
<silver>1 </silver>
<bronze>1 </bronze>
<total>6 </total>
</record>
<record>
<rk>10 </rk>
<country>Finland</country>
<gold>0 </gold>
<silver>1 </silver>
<bronze>5 </bronze>
<total>6 </total>
</record>
<record>
<rk>11 </rk>
<country>Japan</country>
<gold>1 </gold>
<silver>2 </silver>
<bronze>2 </bronze>
<total>5 </total>
</record>
<record>
<rk>12 </rk>
<country>France</country>
<gold>0 </gold>
<silver>1 </silver>
<bronze>4 </bronze>
<total>5 </total>
</record>
<record>
<rk>13 </rk>
<country>Netherlands</country>
<gold>0 </gold>
<silver>1 </silver>
<bronze>3 </bronze>
<total>4 </total>
</record>
<record>
<rk>14 </rk>
<country>Sweden</country>
<gold>2 </gold>
<silver>1 </silver>
<bronze>0 </bronze>
<total>3 </total>
</record>
<record>
<rk>15 </rk>
<country>Kazakhstan</country>
<gold>1 </gold>
<silver>2 </silver>
<bronze>0 </bronze>
<total>3 </total>
</record>
<record>
<rk>16 </rk>
<country>China</country>
<gold>0 </gold>
<silver>1 </silver>
<bronze>2 </bronze>
<total>3 </total>
</record>
<record>
<rk>17 </rk>
<country>Slovenia</country>
<gold>0 </gold>
<silver>0 </silver>
<bronze>3 </bronze>
<total>3 </total>
</record>
<record>
<rk>18 </rk>
<country>Ukraine</country>
<gold>1 </gold>
<silver>0 </silver>
<bronze>1 </bronze>
<total>2 </total>
</record>
<record>
<rk>19 </rk>
<country>Belarus</country>
<gold>0 </gold>
<silver>2 </silver>
<bronze>0 </bronze>
<total>2 </total>
</record>
<record>
<rk>20 </rk>
<country>Great Britain</country>
<gold>0 </gold>
<silver>0 </silver>
<bronze>2 </bronze>
<total>2 </total>
</record>
<record>
<rk>21 </rk>
<country>Uzbekistan</country>
<gold>1 </gold>
<silver>0 </silver>
<bronze>0 </bronze>
<total>1 </total>
</record>
<record>
<rk>22 </rk>
<country>Australia</country>
<gold>0 </gold>
<silver>0 </silver>
<bronze>1 </bronze>
<total>1 </total>
</record>
</medals_1994>
<medals_1998>
<record>
<rk>1 </rk>
<country>Germany</country>
<gold>12 </gold>
<silver>9 </silver>
<bronze>8 </bronze>
<total>29 </total>
</record>
<record>
<rk>2 </rk>
<country>Norway</country>
<gold>10 </gold>
<silver>10 </silver>
<bronze>5 </bronze>
<total>25 </total>
</record>
<record>
<rk>3 </rk>
<country>Russia</country>
<gold>9 </gold>
<silver>6 </silver>
<bronze>3 </bronze>
<total>18 </total>
</record>
<record>
<rk>4 </rk>
<country>Austria</country>
<gold>3 </gold>
<silver>5 </silver>
<bronze>9 </bronze>
<total>17 </total>
</record>
<record>
<rk>5 </rk>
<country>Canada</country>
<gold>6 </gold>
<silver>5 </silver>
<bronze>4 </bronze>
<total>15 </total>
</record>
<record>
<rk>6 </rk>
<country>United States</country>
<gold>6 </gold>
<silver>3 </silver>
<bronze>4 </bronze>
<total>13 </total>
</record>
<record>
<rk>7 </rk>
<country>Finland</country>
<gold>2 </gold>
<silver>4 </silver>
<bronze>6 </bronze>
<total>12 </total>
</record>
<record>
<rk>8 </rk>
<country>Netherlands</country>
<gold>5 </gold>
<silver>4 </silver>
<bronze>2 </bronze>
<total>11 </total>
</record>
<record>
<rk>9 </rk>
<country>Japan</country>
<gold>5 </gold>
<silver>1 </silver>
<bronze>4 </bronze>
<total>10 </total>
</record>
<record>
<rk>10 </rk>
<country>Italy</country>
<gold>2 </gold>
<silver>6 </silver>
<bronze>2 </bronze>
<total>10 </total>
</record>
<record>
<rk>11 </rk>
<country>France</country>
<gold>2 </gold>
<silver>1 </silver>
<bronze>5 </bronze>
<total>8 </total>
</record>
<record>
<rk>12 </rk>
<country>China</country>
<gold>0 </gold>
<silver>6 </silver>
<bronze>2 </bronze>
<total>8 </total>
</record>
<record>
<rk>13 </rk>
<country>Switzerland</country>
<gold>2 </gold>
<silver>2 </silver>
<bronze>3 </bronze>
<total>7 </total>
</record>
<record>
<rk>14 </rk>
<country>South Korea</country>
<gold>3 </gold>
<silver>1 </silver>
<bronze>2 </bronze>
<total>6 </total>
</record>
<record>
<rk>15 </rk>
<country>Czech Republic</country>
<gold>1 </gold>
<silver>1 </silver>
<bronze>1 </bronze>
<total>3 </total>
</record>
<record>
<rk>16 </rk>
<country>Sweden</country>
<gold>0 </gold>
<silver>2 </silver>
<bronze>1 </bronze>
<total>3 </total>
</record>
<record>
<rk>17 </rk>
<country>Kazakhstan</country>
<gold>0 </gold>
<silver>0 </silver>
<bronze>2 </bronze>
<total>2 </total>
</record>
<record>
<rk>18 </rk>
<country>Belarus</country>
<gold>0 </gold>
<silver>0 </silver>
<bronze>2 </bronze>
<total>2 </total>
</record>
<record>
<rk>19 </rk>
<country>Bulgaria</country>
<gold>1 </gold>
<silver>0 </silver>
<bronze>0 </bronze>
<total>1 </total>
</record>
<record>
<rk>20 </rk>
<country>Ukraine</country>
<gold>0 </gold>
<silver>1 </silver>
<bronze>0 </bronze>
<total>1 </total>
</record>
<record>
<rk>21 </rk>
<country>Denmark</country>
<gold>0 </gold>
<silver>1 </silver>
<bronze>0 </bronze>
<total>1 </total>
</record>
<record>
<rk>22 </rk>
<country>Great Britain</country>
<gold>0 </gold>
<silver>0 </silver>
<bronze>1 </bronze>
<total>1 </total>
</record>
<record>
<rk>23 </rk>
<country>Australia</country>
<gold>0 </gold>
<silver>0 </silver>
<bronze>1 </bronze>
<total>1 </total>
</record>
<record>
<rk>24 </rk>
<country>Belgium</country>
<gold>0 </gold>
<silver>0 </silver>
<bronze>1 </bronze>
<total>1 </total>
</record>
</medals_1998>
<medals_2002>
<record>
<rk>1 </rk>
<country>Germany</country>
<gold>12 </gold>
<silver>16 </silver>
<bronze>8 </bronze>
<total>36 </total>
</record>
<record>
<rk>2 </rk>
<country>United States</country>
<gold>10 </gold>
<silver>13 </silver>
<bronze>11 </bronze>
<total>34 </total>
</record>
<record>
<rk>3 </rk>
<country>Norway</country>
<gold>13 </gold>
<silver>5 </silver>
<bronze>7 </bronze>
<total>25 </total>
</record>
<record>
<rk>4 </rk>
<country>Canada</country>
<gold>7 </gold>
<silver>3 </silver>
<bronze>7 </bronze>
<total>17 </total>
</record>
<record>
<rk>5 </rk>
<country>Austria</country>
<gold>3 </gold>
<silver>4 </silver>
<bronze>10 </bronze>
<total>17 </total>
</record>
<record>
<rk>6 </rk>
<country>Russia</country>
<gold>5 </gold>
<silver>4 </silver>
<bronze>4 </bronze>
<total>13 </total>
</record>
<record>
<rk>7 </rk>
<country>Italy</country>
<gold>4 </gold>
<silver>4 </silver>
<bronze>5 </bronze>
<total>13 </total>
</record>
<record>
<rk>8 </rk>
<country>France</country>
<gold>4 </gold>
<silver>5 </silver>
<bronze>2 </bronze>
<total>11 </total>
</record>
<record>
<rk>9 </rk>
<country>Switzerland</country>
<gold>3 </gold>
<silver>2 </silver>
<bronze>6 </bronze>
<total>11 </total>
</record>
<record>
<rk>10 </rk>
<country>Netherlands</country>
<gold>3 </gold>
<silver>5 </silver>
<bronze>0 </bronze>
<total>8 </total>
</record>
<record>
<rk>11 </rk>
<country>China</country>
<gold>2 </gold>
<silver>2 </silver>
<bronze>4 </bronze>
<total>8 </total>
</record>
<record>
<rk>12 </rk>
<country>Finland</country>
<gold>4 </gold>
<silver>2 </silver>
<bronze>1 </bronze>
<total>7 </total>
</record>
<record>
<rk>13 </rk>
<country>Sweden</country>
<gold>0 </gold>
<silver>2 </silver>
<bronze>5 </bronze>
<total>7 </total>
</record>
<record>
<rk>14 </rk>
<country>Croatia</country>
<gold>3 </gold>
<silver>1 </silver>
<bronze>0 </bronze>
<total>4 </total>
</record>
<record>
<rk>15 </rk>
<country>South Korea</country>
<gold>2 </gold>
<silver>2 </silver>
<bronze>0 </bronze>
<total>4 </total>
</record>
<record>
<rk>16 </rk>
<country>Czech Republic</country>
<gold>1 </gold>
<silver>2 </silver>
<bronze>0 </bronze>
<total>3 </total>
</record>
<record>
<rk>17 </rk>
<country>Estonia</country>
<gold>1 </gold>
<silver>1 </silver>
<bronze>1 </bronze>
<total>3 </total>
</record>
<record>
<rk>18 </rk>
<country>Bulgaria</country>
<gold>0 </gold>
<silver>1 </silver>
<bronze>2 </bronze>
<total>3 </total>
</record>
<record>
<rk>19 </rk>
<country>Australia</country>
<gold>2 </gold>
<silver>0 </silver>
<bronze>0 </bronze>
<total>2 </total>
</record>
<record>
<rk>20 </rk>
<country>Great Britain</country>
<gold>1 </gold>
<silver>0 </silver>
<bronze>1 </bronze>
<total>2 </total>
</record>
<record>
<rk>21 </rk>
<country>Poland</country>
<gold>0 </gold>
<silver>1 </silver>
<bronze>1 </bronze>
<total>2 </total>
</record>
<record>
<rk>22 </rk>
<country>Japan</country>
<gold>0 </gold>
<silver>1 </silver>
<bronze>1 </bronze>
<total>2 </total>
</record>
<record>
<rk>23 </rk>
<country>Belarus</country>
<gold>0 </gold>
<silver>0 </silver>
<bronze>1 </bronze>
<total>1 </total>
</record>
<record>
<rk>24 </rk>
<country>Slovenia</country>
<gold>0 </gold>
<silver>0 </silver>
<bronze>1 </bronze>
<total>1 </total>
</record>
</medals_2002>
<medals_2006>
<record>
<rk>1 </rk>
<country>Germany</country>
<gold>11 </gold>
<silver>12 </silver>
<bronze>6 </bronze>
<total>29 </total>
</record>
<record>
<rk>2 </rk>
<country>United States</country>
<gold>9 </gold>
<silver>9 </silver>
<bronze>7 </bronze>
<total>25 </total>
</record>
<record>
<rk>3 </rk>
<country>Canada</country>
<gold>7 </gold>
<silver>10 </silver>
<bronze>7 </bronze>
<total>24 </total>
</record>
<record>
<rk>4 </rk>
<country>Austria</country>
<gold>9 </gold>
<silver>7 </silver>
<bronze>7 </bronze>
<total>23 </total>
</record>
<record>
<rk>5 </rk>
<country>Russia</country>
<gold>8 </gold>
<silver>6 </silver>
<bronze>8 </bronze>
<total>22 </total>
</record>
<record>
<rk>6 </rk>
<country>Norway</country>
<gold>2 </gold>
<silver>8 </silver>
<bronze>9 </bronze>
<total>19 </total>
</record>
<record>
<rk>7 </rk>
<country>Sweden</country>
<gold>7 </gold>
<silver>2 </silver>
<bronze>5 </bronze>
<total>14 </total>
</record>
<record>
<rk>8 </rk>
<country>Switzerland</country>
<gold>5 </gold>
<silver>4 </silver>
<bronze>5 </bronze>
<total>14 </total>
</record>
<record>
<rk>9 </rk>
<country>South Korea</country>
<gold>6 </gold>
<silver>3 </silver>
<bronze>2 </bronze>
<total>11 </total>
</record>
<record>
<rk>10 </rk>
<country>Italy</country>
<gold>5 </gold>
<silver>0 </silver>
<bronze>6 </bronze>
<total>11 </total>
</record>
<record>
<rk>11 </rk>
<country>China</country>
<gold>2 </gold>
<silver>4 </silver>
<bronze>5 </bronze>
<total>11 </total>
</record>
<record>
<rk>12 </rk>
<country>Netherlands</country>
<gold>3 </gold>
<silver>2 </silver>
<bronze>4 </bronze>
<total>9 </total>
</record>
<record>
<rk>13 </rk>
<country>France</country>
<gold>3 </gold>
<silver>2 </silver>
<bronze>4 </bronze>
<total>9 </total>
</record>
<record>
<rk>14 </rk>
<country>Finland</country>
<gold>0 </gold>
<silver>6 </silver>
<bronze>3 </bronze>
<total>9 </total>
</record>
<record>
<rk>15 </rk>
<country>Czech Republic</country>
<gold>1 </gold>
<silver>2 </silver>
<bronze>1 </bronze>
<total>4 </total>
</record>
<record>
<rk>16 </rk>
<country>Estonia</country>
<gold>3 </gold>
<silver>0 </silver>
<bronze>0 </bronze>
<total>3 </total>
</record>
<record>
<rk>17 </rk>
<country>Croatia</country>
<gold>1 </gold>
<silver>2 </silver>
<bronze>0 </bronze>
<total>3 </total>
</record>
<record>
<rk>18 </rk>
<country>Australia</country>
<gold>1 </gold>
<silver>0 </silver>
<bronze>1 </bronze>
<total>2 </total>
</record>
<record>
<rk>19 </rk>
<country>Poland</country>
<gold>0 </gold>
<silver>1 </silver>
<bronze>1 </bronze>
<total>2 </total>
</record>
<record>
<rk>20 </rk>
<country>Ukraine</country>
<gold>0 </gold>
<silver>0 </silver>
<bronze>2 </bronze>
<total>2 </total>
</record>
<record>
<rk>21 </rk>
<country>Japan</country>
<gold>1 </gold>
<silver>0 </silver>
<bronze>0 </bronze>
<total>1 </total>
</record>
<record>
<rk>22 </rk>
<country>Great Britain</country>
<gold>0 </gold>
<silver>1 </silver>
<bronze>0 </bronze>
<total>1 </total>
</record>
<record>
<rk>23 </rk>
<country>Slovakia</country>
<gold>0 </gold>
<silver>1 </silver>
<bronze>0 </bronze>
<total>1 </total>
</record>
<record>
<rk>24 </rk>
<country>Bulgaria</country>
<gold>0 </gold>
<silver>1 </silver>
<bronze>0 </bronze>
<total>1 </total>
</record>
<record>
<rk>25 </rk>
<country>Belarus</country>
<gold>0 </gold>
<silver>1 </silver>
<bronze>0 </bronze>
<total>1 </total>
</record>
<record>
<rk>26 </rk>
<country>Latvia</country>
<gold>0 </gold>
<silver>0 </silver>
<bronze>1 </bronze>
<total>1 </total>
</record>
</medals_2006>
<medals_2010>
<record>
<rk>1 </rk>
<country>United States</country>
<gold>9 </gold>
<silver>15 </silver>
<bronze>13 </bronze>
<total>37 </total>
</record>
<record>
<rk>2 </rk>
<country>Germany</country>
<gold>10 </gold>
<silver>13 </silver>
<bronze>7 </bronze>
<total>30 </total>
</record>
<record>
<rk>3 </rk>
<country>Canada</country>
<gold>14 </gold>
<silver>7 </silver>
<bronze>5 </bronze>
<total>26 </total>
</record>
<record>
<rk>4 </rk>
<country>Norway</country>
<gold>9 </gold>
<silver>8 </silver>
<bronze>6 </bronze>
<total>23 </total>
</record>
<record>
<rk>5 </rk>
<country>Austria</country>
<gold>4 </gold>
<silver>6 </silver>
<bronze>6 </bronze>
<total>16 </total>
</record>
<record>
<rk>6 </rk>
<country>Russia</country>
<gold>3 </gold>
<silver>5 </silver>
<bronze>7 </bronze>
<total>15 </total>
</record>
<record>
<rk>7 </rk>
<country>South Korea</country>
<gold>6 </gold>
<silver>6 </silver>
<bronze>2 </bronze>
<total>14 </total>
</record>
<record>
<rk>8 </rk>
<country>Sweden</country>
<gold>5 </gold>
<silver>2 </silver>
<bronze>4 </bronze>
<total>11 </total>
</record>
<record>
<rk>9 </rk>
<country>China</country>
<gold>5 </gold>
<silver>2 </silver>
<bronze>4 </bronze>
<total>11 </total>
</record>
<record>
<rk>10 </rk>
<country>France</country>
<gold>2 </gold>
<silver>3 </silver>
<bronze>6 </bronze>
<total>11 </total>
</record>
<record>
<rk>11 </rk>
<country>Switzerland</country>
<gold>6 </gold>
<silver>0 </silver>
<bronze>3 </bronze>
<total>9 </total>
</record>
<record>
<rk>12 </rk>
<country>Netherlands</country>
<gold>4 </gold>
<silver>1 </silver>
<bronze>3 </bronze>
<total>8 </total>
</record>
<record>
<rk>13 </rk>
<country>Czech Republic</country>
<gold>2 </gold>
<silver>0 </silver>
<bronze>4 </bronze>
<total>6 </total>
</record>
<record>
<rk>14 </rk>
<country>Poland</country>
<gold>1 </gold>
<silver>3 </silver>
<bronze>2 </bronze>
<total>6 </total>
</record>
<record>
<rk>15 </rk>
<country>Italy</country>
<gold>1 </gold>
<silver>1 </silver>
<bronze>3 </bronze>
<total>5 </total>
</record>
<record>
<rk>16 </rk>
<country>Japan</country>
<gold>0 </gold>
<silver>3 </silver>
<bronze>2 </bronze>
<total>5 </total>
</record>
<record>
<rk>17 </rk>
<country>Finland</country>
<gold>0 </gold>
<silver>1 </silver>
<bronze>4 </bronze>
<total>5 </total>
</record>
<record>
<rk>18 </rk>
<country>Australia</country>
<gold>2 </gold>
<silver>1 </silver>
<bronze>0 </bronze>
<total>3 </total>
</record>
<record>
<rk>19 </rk>
<country>Belarus</country>
<gold>1 </gold>
<silver>1 </silver>
<bronze>1 </bronze>
<total>3 </total>
</record>
<record>
<rk>20 </rk>
<country>Slovakia</country>
<gold>1 </gold>
<silver>1 </silver>
<bronze>1 </bronze>
<total>3 </total>
</record>
<record>
<rk>21 </rk>
<country>Croatia</country>
<gold>0 </gold>
<silver>2 </silver>
<bronze>1 </bronze>
<total>3 </total>
</record>
<record>
<rk>22 </rk>
<country>Slovenia</country>
<gold>0 </gold>
<silver>2 </silver>
<bronze>1 </bronze>
<total>3 </total>
</record>
<record>
<rk>23 </rk>
<country>Latvia</country>
<gold>0 </gold>
<silver>2 </silver>
<bronze>0 </bronze>
<total>2 </total>
</record>
<record>
<rk>24 </rk>
<country>Great Britain</country>
<gold>1 </gold>
<silver>0 </silver>
<bronze>0 </bronze>
<total>1 </total>
</record>
<record>
<rk>25 </rk>
<country>Kazakhstan</country>
<gold>0 </gold>
<silver>1 </silver>
<bronze>0 </bronze>
<total>1 </total>
</record>
<record>
<rk>26 </rk>
<country>Estonia</country>
<gold>0 </gold>
<silver>1 </silver>
<bronze>0 </bronze>
<total>1 </total>
</record>
</medals_2010>
</Medals>